{
  "hash": "7d835b72",
  "configHash": "c5a8766d",
  "lockfileHash": "3277454e",
  "browserHash": "f7f1154d",
  "optimized": {
    "@angular/common/http": {
      "src": "../../../../../node_modules/@angular/common/fesm2022/http.mjs",
      "file": "@angular_common_http.js",
      "fileHash": "7e37a9bb",
      "needsInterop": false
    },
    "@angular/core": {
      "src": "../../../../../node_modules/@angular/core/fesm2022/core.mjs",
      "file": "@angular_core.js",
      "fileHash": "d6d7da59",
      "needsInterop": false
    },
    "@angular/forms": {
      "src": "../../../../../node_modules/@angular/forms/fesm2022/forms.mjs",
      "file": "@angular_forms.js",
      "fileHash": "4c2a3e39",
      "needsInterop": false
    },
    "@angular/platform-browser": {
      "src": "../../../../../node_modules/@angular/platform-browser/fesm2022/platform-browser.mjs",
      "file": "@angular_platform-browser.js",
      "fileHash": "fa9a5d45",
      "needsInterop": false
    },
    "@angular/platform-browser/animations/async": {
      "src": "../../../../../node_modules/@angular/platform-browser/fesm2022/animations/async.mjs",
      "file": "@angular_platform-browser_animations_async.js",
      "fileHash": "7659064e",
      "needsInterop": false
    },
    "@angular/router": {
      "src": "../../../../../node_modules/@angular/router/fesm2022/router.mjs",
      "file": "@angular_router.js",
      "fileHash": "41d29ec3",
      "needsInterop": false
    },
    "primeng/api": {
      "src": "../../../../../node_modules/primeng/fesm2022/primeng-api.mjs",
      "file": "primeng_api.js",
      "fileHash": "b420ee69",
      "needsInterop": false
    },
    "primeng/button": {
      "src": "../../../../../node_modules/primeng/fesm2022/primeng-button.mjs",
      "file": "primeng_button.js",
      "fileHash": "1d717c46",
      "needsInterop": false
    },
    "primeng/card": {
      "src": "../../../../../node_modules/primeng/fesm2022/primeng-card.mjs",
      "file": "primeng_card.js",
      "fileHash": "c271237d",
      "needsInterop": false
    },
    "primeng/confirmdialog": {
      "src": "../../../../../node_modules/primeng/fesm2022/primeng-confirmdialog.mjs",
      "file": "primeng_confirmdialog.js",
      "fileHash": "be8e7387",
      "needsInterop": false
    },
    "primeng/floatlabel": {
      "src": "../../../../../node_modules/primeng/fesm2022/primeng-floatlabel.mjs",
      "file": "primeng_floatlabel.js",
      "fileHash": "829e78c7",
      "needsInterop": false
    },
    "primeng/inputtext": {
      "src": "../../../../../node_modules/primeng/fesm2022/primeng-inputtext.mjs",
      "file": "primeng_inputtext.js",
      "fileHash": "5187dc6b",
      "needsInterop": false
    },
    "primeng/menubar": {
      "src": "../../../../../node_modules/primeng/fesm2022/primeng-menubar.mjs",
      "file": "primeng_menubar.js",
      "fileHash": "ef43a549",
      "needsInterop": false
    },
    "primeng/password": {
      "src": "../../../../../node_modules/primeng/fesm2022/primeng-password.mjs",
      "file": "primeng_password.js",
      "fileHash": "38d676a9",
      "needsInterop": false
    },
    "primeng/radiobutton": {
      "src": "../../../../../node_modules/primeng/fesm2022/primeng-radiobutton.mjs",
      "file": "primeng_radiobutton.js",
      "fileHash": "0ad9740d",
      "needsInterop": false
    },
    "primeng/table": {
      "src": "../../../../../node_modules/primeng/fesm2022/primeng-table.mjs",
      "file": "primeng_table.js",
      "fileHash": "a0a357e4",
      "needsInterop": false
    },
    "primeng/toast": {
      "src": "../../../../../node_modules/primeng/fesm2022/primeng-toast.mjs",
      "file": "primeng_toast.js",
      "fileHash": "68bb6c28",
      "needsInterop": false
    }
  },
  "chunks": {
    "browser-BE6P7MA3": {
      "file": "browser-BE6P7MA3.js"
    },
    "chunk-OPKOFNAW": {
      "file": "chunk-OPKOFNAW.js"
    },
    "chunk-GX5Q7BDN": {
      "file": "chunk-GX5Q7BDN.js"
    },
    "chunk-WN7BONEQ": {
      "file": "chunk-WN7BONEQ.js"
    },
    "chunk-WM6DUFQ5": {
      "file": "chunk-WM6DUFQ5.js"
    },
    "chunk-REV6P6KZ": {
      "file": "chunk-REV6P6KZ.js"
    },
    "chunk-2YNNKRUD": {
      "file": "chunk-2YNNKRUD.js"
    },
    "chunk-TXRHF6LC": {
      "file": "chunk-TXRHF6LC.js"
    },
    "chunk-KSZJJO4I": {
      "file": "chunk-KSZJJO4I.js"
    },
    "chunk-X3FLC3NN": {
      "file": "chunk-X3FLC3NN.js"
    },
    "chunk-JZQAVOZS": {
      "file": "chunk-JZQAVOZS.js"
    },
    "chunk-CHPTBJRE": {
      "file": "chunk-CHPTBJRE.js"
    },
    "chunk-2ZI276QZ": {
      "file": "chunk-2ZI276QZ.js"
    },
    "chunk-JUIU2OKX": {
      "file": "chunk-JUIU2OKX.js"
    },
    "chunk-ZC7G2C3E": {
      "file": "chunk-ZC7G2C3E.js"
    },
    "chunk-G7TBWI4W": {
      "file": "chunk-G7TBWI4W.js"
    },
    "chunk-SICFJ2I7": {
      "file": "chunk-SICFJ2I7.js"
    },
    "chunk-52D52JBK": {
      "file": "chunk-52D52JBK.js"
    }
  }
}