{
  "hash": "07e68e1d",
  "configHash": "ca9ffe07",
  "lockfileHash": "6ffe8cdd",
  "browserHash": "558cbc15",
  "optimized": {
    "@angular/common/http": {
      "src": "../../../../../node_modules/@angular/common/fesm2022/http.mjs",
      "file": "@angular_common_http.js",
      "fileHash": "272b5894",
      "needsInterop": false
    },
    "@angular/core": {
      "src": "../../../../../node_modules/@angular/core/fesm2022/core.mjs",
      "file": "@angular_core.js",
      "fileHash": "320f4d27",
      "needsInterop": false
    },
    "@angular/platform-browser": {
      "src": "../../../../../node_modules/@angular/platform-browser/fesm2022/platform-browser.mjs",
      "file": "@angular_platform-browser.js",
      "fileHash": "68715d75",
      "needsInterop": false
    },
    "@angular/router": {
      "src": "../../../../../node_modules/@angular/router/fesm2022/router.mjs",
      "file": "@angular_router.js",
      "fileHash": "520937bb",
      "needsInterop": false
    },
    "primeng/api": {
      "src": "../../../../../node_modules/primeng/fesm2022/primeng-api.mjs",
      "file": "primeng_api.js",
      "fileHash": "df1a1422",
      "needsInterop": false
    },
    "primeng/button": {
      "src": "../../../../../node_modules/primeng/fesm2022/primeng-button.mjs",
      "file": "primeng_button.js",
      "fileHash": "8bc2ee64",
      "needsInterop": false
    },
    "primeng/menubar": {
      "src": "../../../../../node_modules/primeng/fesm2022/primeng-menubar.mjs",
      "file": "primeng_menubar.js",
      "fileHash": "165a09bd",
      "needsInterop": false
    },
    "primeng/table": {
      "src": "../../../../../node_modules/primeng/fesm2022/primeng-table.mjs",
      "file": "primeng_table.js",
      "fileHash": "a9b45a1a",
      "needsInterop": false
    }
  },
  "chunks": {
    "chunk-2ZI276QZ": {
      "file": "chunk-2ZI276QZ.js"
    },
    "chunk-JUIU2OKX": {
      "file": "chunk-JUIU2OKX.js"
    },
    "chunk-ZC7G2C3E": {
      "file": "chunk-ZC7G2C3E.js"
    },
    "chunk-CIRCHJPE": {
      "file": "chunk-CIRCHJPE.js"
    },
    "chunk-5BZ37JSC": {
      "file": "chunk-5BZ37JSC.js"
    },
    "chunk-UQGVZFYH": {
      "file": "chunk-UQGVZFYH.js"
    },
    "chunk-SICFJ2I7": {
      "file": "chunk-SICFJ2I7.js"
    },
    "chunk-G7TBWI4W": {
      "file": "chunk-G7TBWI4W.js"
    },
    "chunk-52D52JBK": {
      "file": "chunk-52D52JBK.js"
    }
  }
}