{
  "hash": "66244a39",
  "configHash": "2ba4a504",
  "lockfileHash": "3277454e",
  "browserHash": "297844dc",
  "optimized": {
    "@angular/core": {
      "src": "../../../../../node_modules/@angular/core/fesm2022/core.mjs",
      "file": "@angular_core.js",
      "fileHash": "ff380d92",
      "needsInterop": false
    },
    "@angular/platform-browser": {
      "src": "../../../../../node_modules/@angular/platform-browser/fesm2022/platform-browser.mjs",
      "file": "@angular_platform-browser.js",
      "fileHash": "9ad1b155",
      "needsInterop": false
    },
    "@angular/router": {
      "src": "../../../../../node_modules/@angular/router/fesm2022/router.mjs",
      "file": "@angular_router.js",
      "fileHash": "707b0a8e",
      "needsInterop": false
    },
    "primeng/api": {
      "src": "../../../../../node_modules/primeng/fesm2022/primeng-api.mjs",
      "file": "primeng_api.js",
      "fileHash": "ac88fdbc",
      "needsInterop": false
    },
    "primeng/button": {
      "src": "../../../../../node_modules/primeng/fesm2022/primeng-button.mjs",
      "file": "primeng_button.js",
      "fileHash": "f09b6a08",
      "needsInterop": false
    },
    "primeng/menubar": {
      "src": "../../../../../node_modules/primeng/fesm2022/primeng-menubar.mjs",
      "file": "primeng_menubar.js",
      "fileHash": "b549d776",
      "needsInterop": false
    }
  },
  "chunks": {
    "chunk-RZJKADZD": {
      "file": "chunk-RZJKADZD.js"
    },
    "chunk-ILYM5SYO": {
      "file": "chunk-ILYM5SYO.js"
    },
    "chunk-CTDOV626": {
      "file": "chunk-CTDOV626.js"
    },
    "chunk-EIAPAVRF": {
      "file": "chunk-EIAPAVRF.js"
    },
    "chunk-2IXLU557": {
      "file": "chunk-2IXLU557.js"
    },
    "chunk-BJ42OXPZ": {
      "file": "chunk-BJ42OXPZ.js"
    }
  }
}