{
  "hash": "648982e3",
  "configHash": "1b328d26",
  "lockfileHash": "6ffe8cdd",
  "browserHash": "b8579a82",
  "optimized": {
    "@angular/common/http": {
      "src": "../../../../../node_modules/@angular/common/fesm2022/http.mjs",
      "file": "@angular_common_http.js",
      "fileHash": "7c133f63",
      "needsInterop": false
    },
    "@angular/core": {
      "src": "../../../../../node_modules/@angular/core/fesm2022/core.mjs",
      "file": "@angular_core.js",
      "fileHash": "9fdc922b",
      "needsInterop": false
    },
    "@angular/forms": {
      "src": "../../../../../node_modules/@angular/forms/fesm2022/forms.mjs",
      "file": "@angular_forms.js",
      "fileHash": "65769911",
      "needsInterop": false
    },
    "@angular/platform-browser": {
      "src": "../../../../../node_modules/@angular/platform-browser/fesm2022/platform-browser.mjs",
      "file": "@angular_platform-browser.js",
      "fileHash": "e878b20f",
      "needsInterop": false
    },
    "@angular/platform-browser/animations/async": {
      "src": "../../../../../node_modules/@angular/platform-browser/fesm2022/animations/async.mjs",
      "file": "@angular_platform-browser_animations_async.js",
      "fileHash": "fe8de0b8",
      "needsInterop": false
    },
    "@angular/router": {
      "src": "../../../../../node_modules/@angular/router/fesm2022/router.mjs",
      "file": "@angular_router.js",
      "fileHash": "c4b083ce",
      "needsInterop": false
    },
    "@auth0/angular-jwt": {
      "src": "../../../../../node_modules/@auth0/angular-jwt/fesm2020/auth0-angular-jwt.mjs",
      "file": "@auth0_angular-jwt.js",
      "fileHash": "e8f5fff3",
      "needsInterop": false
    },
    "primeng/api": {
      "src": "../../../../../node_modules/primeng/fesm2022/primeng-api.mjs",
      "file": "primeng_api.js",
      "fileHash": "6cf58d97",
      "needsInterop": false
    },
    "primeng/button": {
      "src": "../../../../../node_modules/primeng/fesm2022/primeng-button.mjs",
      "file": "primeng_button.js",
      "fileHash": "0ebde548",
      "needsInterop": false
    },
    "primeng/card": {
      "src": "../../../../../node_modules/primeng/fesm2022/primeng-card.mjs",
      "file": "primeng_card.js",
      "fileHash": "d99622bb",
      "needsInterop": false
    },
    "primeng/confirmdialog": {
      "src": "../../../../../node_modules/primeng/fesm2022/primeng-confirmdialog.mjs",
      "file": "primeng_confirmdialog.js",
      "fileHash": "91833d03",
      "needsInterop": false
    },
    "primeng/floatlabel": {
      "src": "../../../../../node_modules/primeng/fesm2022/primeng-floatlabel.mjs",
      "file": "primeng_floatlabel.js",
      "fileHash": "0ae53bf0",
      "needsInterop": false
    },
    "primeng/inputtext": {
      "src": "../../../../../node_modules/primeng/fesm2022/primeng-inputtext.mjs",
      "file": "primeng_inputtext.js",
      "fileHash": "49a35a8c",
      "needsInterop": false
    },
    "primeng/menubar": {
      "src": "../../../../../node_modules/primeng/fesm2022/primeng-menubar.mjs",
      "file": "primeng_menubar.js",
      "fileHash": "a14a33dd",
      "needsInterop": false
    },
    "primeng/password": {
      "src": "../../../../../node_modules/primeng/fesm2022/primeng-password.mjs",
      "file": "primeng_password.js",
      "fileHash": "50e21c7a",
      "needsInterop": false
    },
    "primeng/radiobutton": {
      "src": "../../../../../node_modules/primeng/fesm2022/primeng-radiobutton.mjs",
      "file": "primeng_radiobutton.js",
      "fileHash": "3791b87c",
      "needsInterop": false
    },
    "primeng/table": {
      "src": "../../../../../node_modules/primeng/fesm2022/primeng-table.mjs",
      "file": "primeng_table.js",
      "fileHash": "78785b9c",
      "needsInterop": false
    },
    "primeng/toast": {
      "src": "../../../../../node_modules/primeng/fesm2022/primeng-toast.mjs",
      "file": "primeng_toast.js",
      "fileHash": "dd3e6ae4",
      "needsInterop": false
    },
    "rxjs": {
      "src": "../../../../../node_modules/rxjs/dist/esm5/index.js",
      "file": "rxjs.js",
      "fileHash": "86b9057c",
      "needsInterop": false
    },
    "primeng/menu": {
      "src": "../../../../../node_modules/primeng/fesm2022/primeng-menu.mjs",
      "file": "primeng_menu.js",
      "fileHash": "2e006eb4",
      "needsInterop": false
    },
    "primeng/inputnumber": {
      "src": "../../../../../node_modules/primeng/fesm2022/primeng-inputnumber.mjs",
      "file": "primeng_inputnumber.js",
      "fileHash": "6478dabd",
      "needsInterop": false
    },
    "primeng/inputtextarea": {
      "src": "../../../../../node_modules/primeng/fesm2022/primeng-inputtextarea.mjs",
      "file": "primeng_inputtextarea.js",
      "fileHash": "4dfca958",
      "needsInterop": false
    },
    "@angular/common": {
      "src": "../../../../../node_modules/@angular/common/fesm2022/common.mjs",
      "file": "@angular_common.js",
      "fileHash": "ce686860",
      "needsInterop": false
    },
    "primeng/splitbutton": {
      "src": "../../../../../node_modules/primeng/fesm2022/primeng-splitbutton.mjs",
      "file": "primeng_splitbutton.js",
      "fileHash": "6887fed9",
      "needsInterop": false
    },
    "primeng/buttongroup": {
      "src": "../../../../../node_modules/primeng/fesm2022/primeng-buttongroup.mjs",
      "file": "primeng_buttongroup.js",
      "fileHash": "bf68d572",
      "needsInterop": false
    },
    "primeng/tooltip": {
      "src": "../../../../../node_modules/primeng/fesm2022/primeng-tooltip.mjs",
      "file": "primeng_tooltip.js",
      "fileHash": "a150bffb",
      "needsInterop": false
    }
  },
  "chunks": {
    "browser-ES7YNXRG": {
      "file": "browser-ES7YNXRG.js"
    },
    "chunk-DIJ5D2UM": {
      "file": "chunk-DIJ5D2UM.js"
    },
    "chunk-FZQW5RTN": {
      "file": "chunk-FZQW5RTN.js"
    },
    "chunk-QQWT3PYM": {
      "file": "chunk-QQWT3PYM.js"
    },
    "chunk-CS5QI6VT": {
      "file": "chunk-CS5QI6VT.js"
    },
    "chunk-FHWBPVHI": {
      "file": "chunk-FHWBPVHI.js"
    },
    "chunk-WDWIUI34": {
      "file": "chunk-WDWIUI34.js"
    },
    "chunk-QOL4KV4L": {
      "file": "chunk-QOL4KV4L.js"
    },
    "chunk-67LF26JT": {
      "file": "chunk-67LF26JT.js"
    },
    "chunk-P6R3MLYG": {
      "file": "chunk-P6R3MLYG.js"
    },
    "chunk-AOHB66M3": {
      "file": "chunk-AOHB66M3.js"
    },
    "chunk-UXUDH76K": {
      "file": "chunk-UXUDH76K.js"
    },
    "chunk-B2Q346EJ": {
      "file": "chunk-B2Q346EJ.js"
    },
    "chunk-4INYOPDP": {
      "file": "chunk-4INYOPDP.js"
    },
    "chunk-XIY6IUIL": {
      "file": "chunk-XIY6IUIL.js"
    },
    "chunk-EUXENACC": {
      "file": "chunk-EUXENACC.js"
    },
    "chunk-VW43YVBJ": {
      "file": "chunk-VW43YVBJ.js"
    },
    "chunk-O6EGXY2L": {
      "file": "chunk-O6EGXY2L.js"
    },
    "chunk-JZQAVOZS": {
      "file": "chunk-JZQAVOZS.js"
    },
    "chunk-53GRFCPY": {
      "file": "chunk-53GRFCPY.js"
    },
    "chunk-CC7PZPFL": {
      "file": "chunk-CC7PZPFL.js"
    },
    "chunk-LGAJH4RL": {
      "file": "chunk-LGAJH4RL.js"
    },
    "chunk-R7GQRDZ6": {
      "file": "chunk-R7GQRDZ6.js"
    }
  }
}